{
  "authors": [
    {
      "id": 1,
      "firstName": "Taras",
      "lastName": "Shevchenko",
      "birthday": "1814-03-09",
      "country": "Ukraine",
      "image": "https://upload.wikimedia.org/wikipedia/commons/thumb/b/bd/Taras_Shevchenko_selfportrait_oil_1840.jpg/500px-Taras_Shevchenko_selfportrait_oil_1840.jpg"
    },
    {
      "id": 2,
      "firstName": "Ernest",
      "lastName": "Hemingway",
      "birthday": "1899-07-21",
      "country": "USA",
      "image": "https://upload.wikimedia.org/wikipedia/commons/thumb/7/7e/George_Orwell_press_photo.jpg/500px-George_Orwell_press_photo.jpg"
    },
    {
      "id": 3,
      "firstName": "George",
      "lastName": "Orwell",
      "birthday": "1903-06-25",
      "country": "United Kingdom",
      "image": "https://upload.wikimedia.org/wikipedia/commons/thumb/2/28/ErnestHemingway.jpg/500px-ErnestHemingway.jpg"
    },
    {
      "id": 4,
      "firstName": "Lina",
      "lastName": "Kostenko",
      "birthday": "1930-03-19",
      "country": "Ukraine",
      "image": "https://upload.wikimedia.org/wikipedia/commons/thumb/5/55/Lina_Kostenko_%28cropped%29.jpg/500px-Lina_Kostenko_%28cropped%29.jpg"
    },
    {
      "id": 5,
      "firstName": "Gabriel",
      "lastName": "García Márquez",
      "birthday": "1927-03-06",
      "country": "Colombia",
      "image": "https://upload.wikimedia.org/wikipedia/commons/thumb/0/0f/Gabriel_Garcia_Marquez.jpg/427px-Gabriel_Garcia_Marquez.jpg"
    },
    {
      "id": 6,
      "firstName": "Franz",
      "lastName": "Kafka",
      "birthday": "1883-07-03",
      "country": "Czech Republic",
      "image": "https://upload.wikimedia.org/wikipedia/commons/thumb/2/26/Franz_Kafka%2C_1923.jpg/500px-Franz_Kafka%2C_1923.jpg"
    },
    {
      "id": 7,
      "firstName": "Haruki",
      "lastName": "Murakami",
      "birthday": "1949-01-12",
      "country": "Japan",
      "image": "https://upload.wikimedia.org/wikipedia/commons/thumb/5/51/Conversatorio_Haruki_Murakami_%2812_de_12%29_%2845747009452%29_%28cropped%29.jpg/456px-Conversatorio_Haruki_Murakami_%2812_de_12%29_%2845747009452%29_%28cropped%29.jpg"
    },
    {
      "id": 8,
      "firstName": "Agatha",
      "lastName": "Christie",
      "birthday": "1890-09-15",
      "country": "United Kingdom",
      "image": "https://upload.wikimedia.org/wikipedia/commons/c/cf/Agatha_Christie.png"
    },
    {
      "id": 9,
      "firstName": "Serhiy",
      "lastName": "Zhadan",
      "birthday": "1974-08-23",
      "country": "Ukraine",
      "image": "https://upload.wikimedia.org/wikipedia/commons/thumb/5/55/2022.08.17._Serhiy_Zhadan_Photo_Mariusz_Kubik_08.JPG/500px-2022.08.17._Serhiy_Zhadan_Photo_Mariusz_Kubik_08.JPG"
    },
    {
      "id": 10,
      "firstName": "J.K.",
      "lastName": "Rowling",
      "birthday": "1965-07-31",
      "country": "United Kingdom",
      "image": "https://upload.wikimedia.org/wikipedia/commons/thumb/5/5d/J._K._Rowling_2010.jpg/500px-J._K._Rowling_2010.jpg"
    },
    {
      "id": 11,
      "firstName": "Albert",
      "lastName": "Camus",
      "birthday": "1913-11-07",
      "country": "France",
      "image": "https://upload.wikimedia.org/wikipedia/commons/thumb/0/08/Albert_Camus%2C_gagnant_de_prix_Nobel%2C_portrait_en_buste%2C_pos%C3%A9_au_bureau%2C_faisant_face_%C3%A0_gauche%2C_cigarette_de_tabagisme.jpg/500px-Albert_Camus%2C_gagnant_de_prix_Nobel%2C_portrait_en_buste%2C_pos%C3%A9_au_bureau%2C_faisant_face_%C3%A0_gauche%2C_cigarette_de_tabagisme.jpg"
    },
    {
      "id": 12,
      "firstName": "Isabel",
      "lastName": "Allende",
      "birthday": "1942-08-02",
      "country": "Chile",
      "image": "https://upload.wikimedia.org/wikipedia/commons/thumb/d/d0/Isabel_Allende_Frankfurter_Buchmesse_2015_%28cropped%29.JPG/500px-Isabel_Allende_Frankfurter_Buchmesse_2015_%28cropped%29.JPG"
    },
    {
      "id": 13,
      "firstName": "Stephen",
      "lastName": "King",
      "birthday": "1947-09-21",
      "country": "USA",
      "image": "https://upload.wikimedia.org/wikipedia/commons/thumb/2/24/Stephen_King_at_the_2024_Toronto_International_Film_Festival_2_%28cropped%29.jpg/500px-Stephen_King_at_the_2024_Toronto_International_Film_Festival_2_%28cropped%29.jpg"
    },
    {
      "id": 14,
      "firstName": "Virginia",
      "lastName": "Woolf",
      "birthday": "1882-01-25",
      "country": "United Kingdom",
      "image": "https://upload.wikimedia.org/wikipedia/commons/thumb/0/0b/George_Charles_Beresford_-_Virginia_Woolf_in_1902_-_Restoration.jpg/500px-George_Charles_Beresford_-_Virginia_Woolf_in_1902_-_Restoration.jpg"
    },
    {
      "id": 15,
      "firstName": "Ivan",
      "lastName": "Franko",
      "birthday": "1856-08-27",
      "country": "Ukraine",
      "image": "https://upload.wikimedia.org/wikipedia/commons/thumb/d/d5/%D0%86%D0%B2%D0%B0%D0%BD_%D0%AF%D0%BA%D0%BE%D0%B2%D0%B8%D1%87_%D0%A4%D1%80%D0%B0%D0%BD%D0%BA%D0%BE.jpg/500px-%D0%86%D0%B2%D0%B0%D0%BD_%D0%AF%D0%BA%D0%BE%D0%B2%D0%B8%D1%87_%D0%A4%D1%80%D0%B0%D0%BD%D0%BA%D0%BE.jpg"
    },
    {
      "id": 16,
      "firstName": "Milan",
      "lastName": "Kundera",
      "birthday": "1929-04-01",
      "country": "Czech Republic",
      "image": "https://upload.wikimedia.org/wikipedia/commons/thumb/8/87/Milan_Kundera_redux.jpg/500px-Milan_Kundera_redux.jpg"
    },
    {
      "id": 17,
      "firstName": "Margaret",
      "lastName": "Atwood",
      "birthday": "1939-11-18",
      "country": "Canada",
      "image": "https://upload.wikimedia.org/wikipedia/commons/thumb/2/2c/Margaret_Atwood_%283x4_cropped%29.jpg/500px-Margaret_Atwood_%283x4_cropped%29.jpg"
    },
    {
      "id": 18,
      "firstName": "Umberto",
      "lastName": "Eco",
      "birthday": "1932-01-05",
      "country": "Italy",
      "image": "https://upload.wikimedia.org/wikipedia/commons/thumb/6/64/Italiaanse_schrijver_Umberto_Eco%2C_portret.jpg/500px-Italiaanse_schrijver_Umberto_Eco%2C_portret.jpg"
    },
    {
      "id": 19,
      "firstName": "Oksana",
      "lastName": "Zabuzhko",
      "birthday": "1960-09-19",
      "country": "Ukraine",
      "image": "https://upload.wikimedia.org/wikipedia/commons/thumb/3/35/Oksana_Zabuzhko_at_Berlinale_2024.jpg/500px-Oksana_Zabuzhko_at_Berlinale_2024.jpg"
    },
    {
      "id": 20,
      "firstName": "Jorge Luis",
      "lastName": "Borges",
      "birthday": "1899-08-24",
      "country": "Argentina",
      "image": "https://upload.wikimedia.org/wikipedia/commons/thumb/8/89/Jorge_Luis_Borges_1951%2C_by_Grete_Stern_%28full%29.jpg/500px-Jorge_Luis_Borges_1951%2C_by_Grete_Stern_%28full%29.jpg"
    }
  ]
}